{
    "textures": {
        "0": "cm:tool/broom_stick",
        "1": "block/hay_block_side",
        "2": "block/hay_block_top",
        "particle": "block/hay_block_top"
    },
    "elements": [
        {
            "name": "Cube",
            "from": [ 7.0, 0.0, 7.0 ], 
            "to": [ 9.0, 16.0, 9.0 ], 
            "faces": {
                "north": { "texture": "#0", "uv": [ 0.0, 0.0, 2.0, 16.0 ] },
                "east": { "texture": "#0", "uv": [ 2.0, 0.0, 4.0, 16.0 ] },
                "south": { "texture": "#0", "uv": [ 4.0, 0.0, 6.0, 16.0 ] },
                "west": { "texture": "#0", "uv": [ 6.0, 0.0, 8.0, 16.0 ] },
                "up": { "texture": "#0", "uv": [ 8.0, 0.0, 10.0, 2.0 ] },
                "down": { "texture": "#0", "uv": [ 10.0, 0.0, 12.0, 2.0 ] }
            }
        },
        {
            "name": "Cube",
            "from": [ 6.0, -4.0, 6.0 ], 
            "to": [ 10.0, 0.0, 10.0 ], 
            "faces": {
                "north": { "texture": "#1", "uv": [ 0.0, 0.0, 8.0, 8.0 ] },
                "east": { "texture": "#1", "uv": [ 8.0, 0.0, 16.0, 8.0 ] },
                "south": { "texture": "#1", "uv": [ 0.0, 0.0, 8.0, 8.0 ] },
                "west": { "texture": "#1", "uv": [ 8.0, 0.0, 16.0, 8.0 ] },
                "up": { "texture": "#2", "uv": [ 0.0, 0.0, 8.0, 8.0 ] },
                "down": { "texture": "#2", "uv": [ 0.0, 8.0, 8.0, 16.0 ] }
            }
        },
        {
            "name": "Cube",
            "from": [ 6.0, -6.0, 8.0 ], 
            "to": [ 10.0, -2.0, 10.0 ], 
            "rotation": { "origin": [ 8.0, -2.0, 10.0 ], "axis": "x", "angle": -22.5 },
            "faces": {
                "north": { "texture": "#1", "uv": [ 0.0, 3.0, 8.0, 11.0 ] },
                "east": { "texture": "#1", "uv": [ 8.0, 3.0, 16.0, 11.0 ] },
                "south": { "texture": "#1", "uv": [ 0.0, 3.0, 8.0, 11.0 ] },
                "west": { "texture": "#1", "uv": [ 8.0, 3.0, 16.0, 11.0 ] },
                "down": { "texture": "#2", "uv": [ 0.0, 8.0, 8.0, 12.0 ] }
            }
        },
        {
            "name": "Cube",
            "from": [ 6.0, -6.0, 6.0 ], 
            "to": [ 8.0, -2.0, 10.0 ], 
            "rotation": { "origin": [ 6.0, -2.0, 8.0 ], "axis": "z", "angle": -22.5 },
            "faces": {
                "north": { "texture": "#1", "uv": [ 0.0, 3.0, 8.0, 11.0 ] },
                "east": { "texture": "#1", "uv": [ 8.0, 3.0, 16.0, 11.0 ] },
                "south": { "texture": "#1", "uv": [ 0.0, 3.0, 8.0, 11.0 ] },
                "west": { "texture": "#1", "uv": [ 8.0, 3.0, 16.0, 11.0 ] },
                "down": { "texture": "#2", "uv": [ 0.0, 8.0, 4.0, 16.0 ] }
            }
        },
        {
            "name": "Cube",
            "from": [ 6.0, -6.0, 6.0 ], 
            "to": [ 10.0, -2.0, 8.0 ], 
            "rotation": { "origin": [ 8.0, -2.0, 6.0 ], "axis": "x", "angle": 22.5 },
            "faces": {
                "north": { "texture": "#1", "uv": [ 0.0, 3.0, 8.0, 11.0 ] },
                "east": { "texture": "#1", "uv": [ 8.0, 3.0, 16.0, 11.0 ] },
                "south": { "texture": "#1", "uv": [ 0.0, 3.0, 8.0, 11.0 ] },
                "west": { "texture": "#1", "uv": [ 8.0, 3.0, 16.0, 11.0 ] },
                "down": { "texture": "#2", "uv": [ 0.0, 8.0, 8.0, 12.0 ] }
            }
        },
        {
            "name": "Cube",
            "from": [ 8.0, -6.0, 6.0 ], 
            "to": [ 10.0, -2.0, 10.0 ], 
            "rotation": { "origin": [ 10.0, -2.0, 8.0 ], "axis": "z", "angle": 22.5 },
            "faces": {
                "north": { "texture": "#1", "uv": [ 0.0, 3.0, 8.0, 11.0 ] },
                "east": { "texture": "#1", "uv": [ 8.0, 3.0, 16.0, 11.0 ] },
                "south": { "texture": "#1", "uv": [ 0.0, 3.0, 8.0, 11.0 ] },
                "west": { "texture": "#1", "uv": [ 8.0, 3.0, 16.0, 11.0 ] },
                "down": { "texture": "#2", "uv": [ 0.0, 8.0, 4.0, 16.0 ] }
            }
        }
    ],
    "display": {
        "thirdperson_righthand": {
            "rotation": [ 180, 0, 0 ],
            "translation": [ 0, -4, 0 ],
            "scale": [ 1, 1, 1 ]
        },
        "thirdperson_lefthand": {
            "rotation": [ 0, 90, 0 ],
            "translation": [ -6.5, -2.5, -0.5 ],
            "scale": [ 1.3, 1.3, 1.3 ]
        },
        "firstperson_righthand": {
            "rotation": [ 180, -90, 30 ],
            "translation": [ 1.13, 1.13, 1.13 ],
            "scale": [ 1, 1, 1 ]
        },
        "gui": {
            "rotation": [ 0, -30, 40 ],
            "translation": [ -2, 2, -2 ],
            "scale": [ 0.7, 0.7, 0.7 ]
        },
        "firstperson_lefthand": {
            "rotation": [ 0, -90, 30 ],
            "translation": [ -9, -1, 3 ],
            "scale": [ 1, 1, 1 ]
        },
		"ground": {
			"rotation": [ 0, 0, 0 ],
			"translation": [ 0, 6, 0 ],
			"scale": [ 0.6, 0.6, 0.6 ]
		}
    }
}