{
    "__comment": "Model generated using MrCrayfish's Model Creator (http://mrcrayfish.com/modelcreator/)",
    "textures": {
        "particle": "cm:tool/wand/pink",
        "0": "cm:tool/wand/pink",
        "1": "cm:tool/wand/color",
        "2": "cm:tool/wand/wing"
    },
    "elements": [
        {
            "name": "Cube",
            "from": [ 7.5, -6.0, 7.5 ], 
            "to": [ 8.5, 6.0, 8.5 ], 
            "rotation": { "origin": [ 8.0, 8.0, 8.0 ], "axis": "y", "angle": -45.0 },
            "faces": {
                "north": { "texture": "#0", "uv": [ 0.0, 0.0, 1.0, 16.0 ] },
                "east": { "texture": "#0", "uv": [ 1.0, 0.0, 2.0, 16.0 ] },
                "south": { "texture": "#0", "uv": [ 2.0, 0.0, 3.0, 16.0 ] },
                "west": { "texture": "#0", "uv": [ 3.0, 0.0, 4.0, 16.0 ] },
                "up": { "texture": "#0", "uv": [ 15.0, 0.0, 16.0, 1.0 ] },
                "down": { "texture": "#0", "uv": [ 15.0, 15.0, 16.0, 16.0 ] }
            }
        },
        {
            "name": "Cube",
            "from": [ 7.5, -6.5, 7.5 ], 
            "to": [ 8.5, -5.5, 8.5 ], 
            "faces": {
                "north": { "texture": "#1", "uv": [ 0.0, 0.0, 2.0, 2.0 ] },
                "east": { "texture": "#1", "uv": [ 2.0, 0.0, 4.0, 2.0 ] },
                "south": { "texture": "#1", "uv": [ 4.0, 0.0, 6.0, 2.0 ] },
                "west": { "texture": "#1", "uv": [ 6.0, 0.0, 8.0, 2.0 ] },
                "up": { "texture": "#1", "uv": [ 0.0, 2.0, 2.0, 4.0 ] },
                "down": { "texture": "#1", "uv": [ 2.0, 2.0, 4.0, 4.0 ] }
            }
        },
        {
            "name": "Cube",
            "from": [ 7.5, -7.0, 7.4 ], 
            "to": [ 8.5, -6.0, 8.6 ], 
            "rotation": { "origin": [ 8.0, -6.5, 8.0 ], "axis": "z", "angle": -45.0 },
            "faces": {
                "north": { "texture": "#1", "uv": [ 8.0, 8.0, 10.0, 10.0 ] },
                "east": { "texture": "#1", "uv": [ 10.0, 8.0, 12.0, 10.0 ] },
                "south": { "texture": "#1", "uv": [ 12.0, 8.0, 14.0, 10.0 ] },
                "west": { "texture": "#1", "uv": [ 14.0, 8.0, 16.0, 10.0 ] },
                "up": { "texture": "#1", "uv": [ 8.0, 10.0, 10.0, 12.0 ] },
                "down": { "texture": "#1", "uv": [ 10.0, 10.0, 12.0, 12.0 ] }
            }
        },
        {
            "name": "Cube",
            "from": [ 7.3, 6.0, 7.3 ], 
            "to": [ 8.7, 7.0, 8.7 ], 
            "rotation": { "origin": [ 8.0, 8.0, 8.0 ], "axis": "y", "angle": -45.0 },
            "faces": {
                "north": { "texture": "#1", "uv": [ 0.0, 0.0, 4.0, 2.0 ] },
                "east": { "texture": "#1", "uv": [ 0.0, 2.0, 4.0, 4.0 ] },
                "south": { "texture": "#1", "uv": [ 0.0, 4.0, 4.0, 6.0 ] },
                "west": { "texture": "#1", "uv": [ 0.0, 6.0, 4.0, 8.0 ] },
                "up": { "texture": "#1", "uv": [ 4.0, 0.0, 8.0, 4.0 ] },
                "down": { "texture": "#1", "uv": [ 4.0, 4.0, 8.0, 8.0 ] }
            }
        },
        {
            "name": "Cube",
            "from": [ 7.3, 9.0, 7.3 ], 
            "to": [ 8.7, 10.0, 8.7 ], 
            "rotation": { "origin": [ 8.0, 8.0, 8.0 ], "axis": "y", "angle": -45.0 },
            "faces": {
                "north": { "texture": "#1", "uv": [ 0.0, 0.0, 4.0, 2.0 ] },
                "east": { "texture": "#1", "uv": [ 0.0, 2.0, 4.0, 4.0 ] },
                "south": { "texture": "#1", "uv": [ 0.0, 4.0, 4.0, 6.0 ] },
                "west": { "texture": "#1", "uv": [ 0.0, 6.0, 4.0, 8.0 ] },
                "up": { "texture": "#1", "uv": [ 4.0, 0.0, 8.0, 4.0 ] },
                "down": { "texture": "#1", "uv": [ 4.0, 4.0, 8.0, 8.0 ] }
            }
        },
        {
            "name": "Cube",
            "from": [ 7.3, 7.3, 7.3 ], 
            "to": [ 8.7, 8.7, 8.7 ], 
            "rotation": { "origin": [ 8.0, 8.0, 8.0 ], "axis": "z", "angle": -45.0 },
            "faces": {
                "north": { "texture": "#1", "uv": [ 8.0, 8.0, 12.0, 12.0 ] },
                "east": { "texture": "#1", "uv": [ 12.0, 8.0, 14.0, 12.0 ] },
                "south": { "texture": "#1", "uv": [ 12.0, 12.0, 16.0, 16.0 ] },
                "west": { "texture": "#1", "uv": [ 14.0, 8.0, 16.0, 12.0 ] },
                "up": { "texture": "#1", "uv": [ 8.0, 12.0, 12.0, 14.0 ] },
                "down": { "texture": "#1", "uv": [ 8.0, 14.0, 12.0, 16.0 ] }
            }
        },
        {
            "name": "Cube",
            "from": [ 5.0, 10.0, 5.9 ], 
            "to": [ 8.0, 11.0, 7.1 ], 
            "rotation": { "origin": [ 7.0, 10.0, 8.0 ], "axis": "z", "angle": -22.5 },
            "faces": {
                "north": { "texture": "#1", "uv": [ 0.0, 0.0, 3.0, 1.0 ] },
                "east": { "texture": "#1", "uv": [ 0.0, 0.0, 1.0, 1.0 ] },
                "south": { "texture": "#1", "uv": [ 0.0, 0.0, 3.0, 1.0 ] },
                "west": { "texture": "#1", "uv": [ 0.0, 0.0, 1.0, 1.0 ] },
                "up": { "texture": "#1", "uv": [ 0.0, 0.0, 3.0, 1.0 ] },
                "down": { "texture": "#1", "uv": [ 0.0, 0.0, 3.0, 1.0 ] }
            }
        },
        {
            "name": "Cube",
            "from": [ 8.0, 10.0, 5.9 ], 
            "to": [ 11.0, 11.0, 7.1 ], 
            "rotation": { "origin": [ 9.0, 10.0, 8.0 ], "axis": "z", "angle": 22.5 },
            "faces": {
                "north": { "texture": "#1", "uv": [ 0.0, 0.0, 3.0, 1.0 ] },
                "east": { "texture": "#1", "uv": [ 0.0, 0.0, 1.0, 1.0 ] },
                "south": { "texture": "#1", "uv": [ 0.0, 0.0, 3.0, 1.0 ] },
                "west": { "texture": "#1", "uv": [ 0.0, 0.0, 1.0, 1.0 ] },
                "up": { "texture": "#1", "uv": [ 0.0, 0.0, 3.0, 1.0 ] },
                "down": { "texture": "#1", "uv": [ 0.0, 0.0, 3.0, 1.0 ] }
            }
        },
        {
            "name": "Cube",
            "from": [ 5.2, 10.8, 6.0 ], 
            "to": [ 6.2, 14.8, 7.0 ], 
            "faces": {
                "north": { "texture": "#1", "uv": [ 0.0, 0.0, 1.0, 4.0 ] },
                "east": { "texture": "#1", "uv": [ 0.0, 0.0, 1.0, 4.0 ] },
                "south": { "texture": "#1", "uv": [ 0.0, 0.0, 1.0, 4.0 ] },
                "west": { "texture": "#1", "uv": [ 0.0, 0.0, 1.0, 4.0 ] },
                "up": { "texture": "#1", "uv": [ 0.0, 0.0, 1.0, 1.0 ] },
                "down": { "texture": "#1", "uv": [ 0.0, 0.0, 1.0, 1.0 ] }
            }
        },
        {
            "name": "Cube",
            "from": [ 9.8, 10.8, 6.0 ], 
            "to": [ 10.8, 14.8, 7.0 ], 
            "faces": {
                "north": { "texture": "#1", "uv": [ 0.0, 0.0, 1.0, 4.0 ] },
                "east": { "texture": "#1", "uv": [ 0.0, 0.0, 1.0, 4.0 ] },
                "south": { "texture": "#1", "uv": [ 0.0, 0.0, 1.0, 4.0 ] },
                "west": { "texture": "#1", "uv": [ 0.0, 0.0, 1.0, 4.0 ] },
                "up": { "texture": "#1", "uv": [ 0.0, 0.0, 1.0, 1.0 ] },
                "down": { "texture": "#1", "uv": [ 0.0, 0.0, 1.0, 1.0 ] }
            }
        },
        {
            "name": "Cube",
            "from": [ 8.0, 15.0, 5.9 ], 
            "to": [ 11.0, 16.0, 7.1 ], 
            "rotation": { "origin": [ 8.0, 16.0, 8.0 ], "axis": "z", "angle": -22.5 },
            "faces": {
                "north": { "texture": "#1", "uv": [ 0.0, 0.0, 3.0, 1.0 ] },
                "east": { "texture": "#1", "uv": [ 0.0, 0.0, 1.0, 1.0 ] },
                "south": { "texture": "#1", "uv": [ 0.0, 0.0, 3.0, 1.0 ] },
                "west": { "texture": "#1", "uv": [ 0.0, 0.0, 1.0, 1.0 ] },
                "up": { "texture": "#1", "uv": [ 0.0, 0.0, 3.0, 1.0 ] },
                "down": { "texture": "#1", "uv": [ 0.0, 0.0, 3.0, 1.0 ] }
            }
        },
        {
            "name": "Cube",
            "from": [ 5.0, 15.0, 5.9 ], 
            "to": [ 8.0, 16.0, 7.1 ], 
            "rotation": { "origin": [ 8.0, 16.0, 8.0 ], "axis": "z", "angle": 22.5 },
            "faces": {
                "north": { "texture": "#1", "uv": [ 0.0, 0.0, 3.0, 1.0 ] },
                "east": { "texture": "#1", "uv": [ 0.0, 0.0, 1.0, 1.0 ] },
                "south": { "texture": "#1", "uv": [ 0.0, 0.0, 3.0, 1.0 ] },
                "west": { "texture": "#1", "uv": [ 0.0, 0.0, 1.0, 1.0 ] },
                "up": { "texture": "#1", "uv": [ 0.0, 0.0, 3.0, 1.0 ] },
                "down": { "texture": "#1", "uv": [ 0.0, 0.0, 3.0, 1.0 ] }
            }
        },
        {
            "name": "Cube",
            "from": [ 0.5, 9.0, 8.0 ], 
            "to": [ 7.5, 14.0, 8.01 ], 
            "rotation": { "origin": [ 8.0, 8.0, 8.0 ], "axis": "y", "angle": 45.0 },
            "faces": {
                "north": { "texture": "#2", "uv": [ 0.0, 0.0, 12.0, 8.0 ] },
                "south": { "texture": "#2", "uv": [ 4.0, 8.0, 16.0, 16.0 ] }
            }
        },
        {
            "name": "Cube",
            "from": [ 8.5, 9.0, 8.0 ], 
            "to": [ 15.5, 14.0, 8.01 ], 
            "rotation": { "origin": [ 8.0, 8.0, 8.0 ], "axis": "y", "angle": -45.0 },
            "faces": {
                "north": { "texture": "#2", "uv": [ 4.0, 8.0, 16.0, 16.0 ] },
                "south": { "texture": "#2", "uv": [ 0.0, 0.0, 12.0, 8.0 ] }
            }
        },
        {
            "name": "Cube",
            "from": [ 7.3, 7.300000000000001, 7.3 ], 
            "to": [ 8.7, 8.7, 8.7 ], 
            "rotation": { "origin": [ 8.0, 8.0, 8.0 ], "axis": "x", "angle": -45.0 },
            "faces": {
                "north": { "texture": "#1", "uv": [ 8.0, 8.0, 12.0, 12.0 ] },
                "east": { "texture": "#1", "uv": [ 12.0, 8.0, 14.0, 12.0 ] },
                "south": { "texture": "#1", "uv": [ 12.0, 12.0, 16.0, 16.0 ] },
                "west": { "texture": "#1", "uv": [ 14.0, 8.0, 16.0, 12.0 ] },
                "up": { "texture": "#1", "uv": [ 8.0, 12.0, 12.0, 14.0 ] },
                "down": { "texture": "#1", "uv": [ 8.0, 14.0, 12.0, 16.0 ] }
            }
        },
        {
            "name": "Cube",
            "from": [ 7.7, 8.0, 6.2 ], 
            "to": [ 8.3, 10.0, 6.8 ], 
            "faces": {
                "north": { "texture": "#1", "uv": [ 0.0, 0.0, 0.6, 2.0 ] },
                "east": { "texture": "#1", "uv": [ 0.0, 0.0, 0.6, 2.0 ] },
                "south": { "texture": "#1", "uv": [ 0.0, 0.0, 0.6, 2.0 ] },
                "west": { "texture": "#1", "uv": [ 0.0, 0.0, 0.6, 2.0 ] },
                "up": { "texture": "#1", "uv": [ 0.0, 0.0, 0.6, 0.6 ] },
                "down": { "texture": "#1", "uv": [ 0.0, 0.0, 0.6, 0.6 ] }
            }
        },
        {
            "name": "Cube",
            "from": [ 7.1, 8.0, 6.2 ], 
            "to": [ 7.699999999999999, 10.0, 6.8 ], 
            "rotation": { "origin": [ 8.0, 12.7, 8.0 ], "axis": "z", "angle": -45.0 },
            "faces": {
                "north": { "texture": "#1", "uv": [ 0.0, 0.0, 0.6000000000000001, 2.0 ] },
                "east": { "texture": "#1", "uv": [ 0.0, 0.0, 0.6, 2.0 ] },
                "south": { "texture": "#1", "uv": [ 0.0, 0.0, 0.6000000000000001, 2.0 ] },
                "west": { "texture": "#1", "uv": [ 0.0, 0.0, 0.6, 2.0 ] },
                "up": { "texture": "#1", "uv": [ 0.0, 0.0, 0.6000000000000001, 0.6 ] },
                "down": { "texture": "#1", "uv": [ 0.0, 0.0, 0.6000000000000001, 0.6 ] }
            }
        },
        {
            "name": "Cube",
            "from": [ 8.3, 8.0, 6.2 ], 
            "to": [ 8.9, 10.0, 6.8 ], 
            "rotation": { "origin": [ 8.0, 12.7, 8.0 ], "axis": "z", "angle": 45.0 },
            "faces": {
                "north": { "texture": "#1", "uv": [ 0.0, 0.0, 0.6000000000000001, 2.0 ] },
                "east": { "texture": "#1", "uv": [ 0.0, 0.0, 0.6, 2.0 ] },
                "south": { "texture": "#1", "uv": [ 0.0, 0.0, 0.6000000000000001, 2.0 ] },
                "west": { "texture": "#1", "uv": [ 0.0, 0.0, 0.6, 2.0 ] },
                "up": { "texture": "#1", "uv": [ 0.0, 0.0, 0.6000000000000001, 0.6 ] },
                "down": { "texture": "#1", "uv": [ 0.0, 0.0, 0.6000000000000001, 0.6 ] }
            }
        },
        {
            "name": "Cube",
            "from": [ 7.7, 15.5, 6.2 ], 
            "to": [ 8.3, 17.5, 6.8 ], 
            "faces": {
                "north": { "texture": "#1", "uv": [ 0.0, 0.0, 0.6, 2.0 ] },
                "east": { "texture": "#1", "uv": [ 0.0, 0.0, 0.6, 2.0 ] },
                "south": { "texture": "#1", "uv": [ 0.0, 0.0, 0.6, 2.0 ] },
                "west": { "texture": "#1", "uv": [ 0.0, 0.0, 0.6, 2.0 ] },
                "up": { "texture": "#1", "uv": [ 0.0, 0.0, 0.6, 0.6 ] },
                "down": { "texture": "#1", "uv": [ 0.0, 0.0, 0.6, 0.6 ] }
            }
        },
        {
            "name": "Cube",
            "from": [ 8.2, 15.5, 6.2 ], 
            "to": [ 8.799999999999999, 17.5, 6.8 ], 
            "rotation": { "origin": [ 8.0, 12.7, 8.0 ], "axis": "z", "angle": -45.0 },
            "faces": {
                "north": { "texture": "#1", "uv": [ 0.0, 0.0, 0.6, 2.0 ] },
                "east": { "texture": "#1", "uv": [ 0.0, 0.0, 0.6, 2.0 ] },
                "south": { "texture": "#1", "uv": [ 0.0, 0.0, 0.6, 2.0 ] },
                "west": { "texture": "#1", "uv": [ 0.0, 0.0, 0.6, 2.0 ] },
                "up": { "texture": "#1", "uv": [ 0.0, 0.0, 0.6, 0.6 ] },
                "down": { "texture": "#1", "uv": [ 0.0, 0.0, 0.6, 0.6 ] }
            }
        },
        {
            "name": "Cube",
            "from": [ 7.2, 15.5, 6.2 ], 
            "to": [ 7.8, 17.5, 6.8 ], 
            "rotation": { "origin": [ 8.0, 12.7, 8.0 ], "axis": "z", "angle": 45.0 },
            "faces": {
                "north": { "texture": "#1", "uv": [ 0.0, 0.0, 0.6, 2.0 ] },
                "east": { "texture": "#1", "uv": [ 0.0, 0.0, 0.6, 2.0 ] },
                "south": { "texture": "#1", "uv": [ 0.0, 0.0, 0.6, 2.0 ] },
                "west": { "texture": "#1", "uv": [ 0.0, 0.0, 0.6, 2.0 ] },
                "up": { "texture": "#1", "uv": [ 0.0, 0.0, 0.6, 0.6 ] },
                "down": { "texture": "#1", "uv": [ 0.0, 0.0, 0.6, 0.6 ] }
            }
        },
        {
            "name": "Cube",
            "from": [ 10.7, 12.5, 6.2 ], 
            "to": [ 12.7, 13.1, 6.8 ], 
            "faces": {
                "north": { "texture": "#1", "uv": [ 0.0, 0.0, 2.0, 0.6 ] },
                "east": { "texture": "#1", "uv": [ 0.0, 0.0, 0.6, 0.6 ] },
                "south": { "texture": "#1", "uv": [ 0.0, 0.0, 2.0, 0.6 ] },
                "west": { "texture": "#1", "uv": [ 0.0, 0.0, 0.6, 0.6 ] },
                "up": { "texture": "#1", "uv": [ 0.0, 0.0, 2.0, 0.6 ] },
                "down": { "texture": "#1", "uv": [ 0.0, 0.0, 2.0, 0.6 ] }
            }
        },
        {
            "name": "Cube",
            "from": [ 3.2, 12.5, 6.2 ], 
            "to": [ 5.2, 13.1, 6.8 ], 
            "faces": {
                "north": { "texture": "#1", "uv": [ 0.0, 0.0, 2.0, 0.6 ] },
                "east": { "texture": "#1", "uv": [ 0.0, 0.0, 0.6, 0.6 ] },
                "south": { "texture": "#1", "uv": [ 0.0, 0.0, 2.0, 0.6 ] },
                "west": { "texture": "#1", "uv": [ 0.0, 0.0, 0.6, 0.6 ] },
                "up": { "texture": "#1", "uv": [ 0.0, 0.0, 2.0, 0.6 ] },
                "down": { "texture": "#1", "uv": [ 0.0, 0.0, 2.0, 0.6 ] }
            }
        },
        {
            "name": "Cube",
            "from": [ 7.8, 10.0, 6.3 ], 
            "to": [ 8.2, 15.0, 6.7 ], 
            "faces": {
                "north": { "texture": "#1", "uv": [ 8.0, 0.0, 8.4, 5.0 ] },
                "east": { "texture": "#1", "uv": [ 8.0, 0.0, 8.4, 5.0 ] },
                "south": { "texture": "#1", "uv": [ 8.0, 0.0, 8.4, 5.0 ] },
                "west": { "texture": "#1", "uv": [ 8.0, 0.0, 8.4, 5.0 ] }
            }
        },
        {
            "name": "Cube",
            "from": [ 7.8, 10.0, 6.3 ], 
            "to": [ 8.2, 15.0, 6.7 ], 
            "rotation": { "origin": [ 8.0, 12.7, 8.0 ], "axis": "z", "angle": -45.0 },
            "faces": {
                "north": { "texture": "#1", "uv": [ 8.0, 0.0, 8.4, 5.0 ] },
                "east": { "texture": "#1", "uv": [ 8.0, 0.0, 8.4, 5.0 ] },
                "south": { "texture": "#1", "uv": [ 8.0, 0.0, 8.4, 5.0 ] },
                "west": { "texture": "#1", "uv": [ 8.0, 0.0, 8.4, 5.0 ] }
            }
        },
        {
            "name": "Cube",
            "from": [ 7.8, 10.0, 6.3 ], 
            "to": [ 8.2, 15.0, 6.7 ], 
            "rotation": { "origin": [ 8.0, 12.7, 8.0 ], "axis": "z", "angle": 45.0 },
            "faces": {
                "north": { "texture": "#1", "uv": [ 8.0, 0.0, 8.4, 5.0 ] },
                "east": { "texture": "#1", "uv": [ 8.0, 0.0, 8.4, 5.0 ] },
                "south": { "texture": "#1", "uv": [ 8.0, 0.0, 8.4, 5.0 ] },
                "west": { "texture": "#1", "uv": [ 8.0, 0.0, 8.4, 5.0 ] }
            }
        },
        {
            "name": "Cube",
            "from": [ 7.7, 10.5, 6.2 ], 
            "to": [ 8.3, 11.1, 6.8 ], 
            "faces": {
                "north": { "texture": "#1", "uv": [ 0.0, 10.0, 0.6, 10.6 ] },
                "east": { "texture": "#1", "uv": [ 0.0, 10.0, 0.6, 10.6 ] },
                "south": { "texture": "#1", "uv": [ 0.0, 10.0, 0.6, 10.6 ] },
                "west": { "texture": "#1", "uv": [ 0.0, 10.0, 0.6, 10.6 ] },
                "up": { "texture": "#1", "uv": [ 0.0, 10.0, 0.6, 10.6 ] },
                "down": { "texture": "#1", "uv": [ 0.0, 10.0, 0.6, 10.6 ] }
            }
        },
        {
            "name": "Cube",
            "from": [ 7.7, 10.5, 6.2 ], 
            "to": [ 8.3, 11.1, 6.8 ], 
            "rotation": { "origin": [ 8.0, 12.7, 8.0 ], "axis": "z", "angle": -45.0 },
            "faces": {
                "north": { "texture": "#1", "uv": [ 0.0, 10.0, 0.6, 10.6 ] },
                "east": { "texture": "#1", "uv": [ 0.0, 10.0, 0.6, 10.6 ] },
                "south": { "texture": "#1", "uv": [ 0.0, 10.0, 0.6, 10.6 ] },
                "west": { "texture": "#1", "uv": [ 0.0, 10.0, 0.6, 10.6 ] },
                "up": { "texture": "#1", "uv": [ 0.0, 10.0, 0.6, 10.6 ] },
                "down": { "texture": "#1", "uv": [ 0.0, 10.0, 0.6, 10.6 ] }
            }
        },
        {
            "name": "Cube",
            "from": [ 7.7, 10.5, 6.2 ], 
            "to": [ 8.3, 11.1, 6.8 ], 
            "rotation": { "origin": [ 8.0, 12.7, 8.0 ], "axis": "z", "angle": 45.0 },
            "faces": {
                "north": { "texture": "#1", "uv": [ 0.0, 10.0, 0.6, 10.6 ] },
                "east": { "texture": "#1", "uv": [ 0.0, 10.0, 0.6, 10.6 ] },
                "south": { "texture": "#1", "uv": [ 0.0, 10.0, 0.6, 10.6 ] },
                "west": { "texture": "#1", "uv": [ 0.0, 10.0, 0.6, 10.6 ] },
                "up": { "texture": "#1", "uv": [ 0.0, 10.0, 0.6, 10.6 ] },
                "down": { "texture": "#1", "uv": [ 0.0, 10.0, 0.6, 10.6 ] }
            }
        },
        {
            "name": "Cube",
            "from": [ 7.7, 14.5, 6.2 ], 
            "to": [ 8.3, 15.1, 6.8 ], 
            "rotation": { "origin": [ 8.0, 12.7, 8.0 ], "axis": "z", "angle": -45.0 },
            "faces": {
                "north": { "texture": "#1", "uv": [ 0.0, 10.0, 0.6, 10.6 ] },
                "east": { "texture": "#1", "uv": [ 0.0, 10.0, 0.6, 10.6 ] },
                "south": { "texture": "#1", "uv": [ 0.0, 10.0, 0.6, 10.6 ] },
                "west": { "texture": "#1", "uv": [ 0.0, 10.0, 0.6, 10.6 ] },
                "up": { "texture": "#1", "uv": [ 0.0, 10.0, 0.6, 10.6 ] },
                "down": { "texture": "#1", "uv": [ 0.0, 10.0, 0.6, 10.6 ] }
            }
        },
        {
            "name": "Cube",
            "from": [ 7.7, 14.5, 6.2 ], 
            "to": [ 8.3, 15.1, 6.8 ], 
            "rotation": { "origin": [ 8.0, 12.7, 8.0 ], "axis": "z", "angle": 45.0 },
            "faces": {
                "north": { "texture": "#1", "uv": [ 0.0, 10.0, 0.6, 10.6 ] },
                "east": { "texture": "#1", "uv": [ 0.0, 10.0, 0.6, 10.6 ] },
                "south": { "texture": "#1", "uv": [ 0.0, 10.0, 0.6, 10.6 ] },
                "west": { "texture": "#1", "uv": [ 0.0, 10.0, 0.6, 10.6 ] },
                "up": { "texture": "#1", "uv": [ 0.0, 10.0, 0.6, 10.6 ] },
                "down": { "texture": "#1", "uv": [ 0.0, 10.0, 0.6, 10.6 ] }
            }
        },
        {
            "name": "Cube",
            "from": [ 7.7, 14.5, 6.2 ], 
            "to": [ 8.3, 15.1, 6.8 ], 
            "faces": {
                "north": { "texture": "#1", "uv": [ 0.0, 10.0, 0.6, 10.6 ] },
                "east": { "texture": "#1", "uv": [ 0.0, 10.0, 0.6, 10.6 ] },
                "south": { "texture": "#1", "uv": [ 0.0, 10.0, 0.6, 10.6 ] },
                "west": { "texture": "#1", "uv": [ 0.0, 10.0, 0.6, 10.6 ] },
                "up": { "texture": "#1", "uv": [ 0.0, 10.0, 0.6, 10.6 ] },
                "down": { "texture": "#1", "uv": [ 0.0, 10.0, 0.6, 10.6 ] }
            }
        }
    ],
    "display": {
        "thirdperson_righthand": {
            "rotation": [ 25, 0, 0 ],
            "translation": [ 0, 6, 5 ],
            "scale": [ 1.5, 1.5, 1.5 ]
        },
        "firstperson_righthand": {
            "rotation": [ -13, -13, -13 ],
            "translation": [ -2, 6, 1.13 ],
            "scale": [ 0.8, 0.8, 0.8 ]
        },
        "gui": {
            "rotation": [ 0, 0, -5 ],
            "translation": [ 0, 2, 0 ],
            "scale": [ 0.6, 0.6, 0.6 ]
        },
		"ground": {
			"rotation": [ 0, 0, 0 ],
			"translation": [ 0, 8, 0 ],
			"scale": [ 0.8, 0.8, 0.8 ]
		}
    }
}