{
    "__comment": "Model generated using MrCrayfish's Model Creator (http://mrcrayfish.com/modelcreator/)",
    "textures": {
        "0": "cm:tool/wand/pink",
        "1": "cm:tool/wand/color",
        "2": "cm:tool/wand/wing",
        "particle": "cm:tool/wand/pink"
    },
    "elements": [
        {
            "name": "Cube",
            "from": [ 7.5, -6.0, 7.5 ], 
            "to": [ 8.5, 10.0, 8.5 ], 
            "rotation": { "origin": [ 8.0, 8.0, 8.0 ], "axis": "y", "angle": -45.0 },
            "faces": {
                "north": { "texture": "#0", "uv": [ 0.0, 0.0, 1.0, 16.0 ] },
                "east": { "texture": "#0", "uv": [ 1.0, 0.0, 2.0, 16.0 ] },
                "south": { "texture": "#0", "uv": [ 2.0, 0.0, 3.0, 16.0 ] },
                "west": { "texture": "#0", "uv": [ 3.0, 0.0, 4.0, 16.0 ] },
                "up": { "texture": "#0", "uv": [ 15.0, 0.0, 16.0, 1.0 ] },
                "down": { "texture": "#0", "uv": [ 15.0, 15.0, 16.0, 16.0 ] }
            }
        },
        {
            "name": "Cube",
            "from": [ 7.5, -6.5, 7.5 ], 
            "to": [ 8.5, -5.5, 8.5 ], 
            "faces": {
                "north": { "texture": "#1", "uv": [ 0.0, 0.0, 2.0, 2.0 ] },
                "east": { "texture": "#1", "uv": [ 2.0, 0.0, 4.0, 2.0 ] },
                "south": { "texture": "#1", "uv": [ 4.0, 0.0, 6.0, 2.0 ] },
                "west": { "texture": "#1", "uv": [ 6.0, 0.0, 8.0, 2.0 ] },
                "up": { "texture": "#1", "uv": [ 0.0, 2.0, 2.0, 4.0 ] },
                "down": { "texture": "#1", "uv": [ 2.0, 2.0, 4.0, 4.0 ] }
            }
        },
        {
            "name": "Cube",
            "from": [ 7.5, -7.0, 7.5 ], 
            "to": [ 8.5, -6.0, 8.5 ], 
            "rotation": { "origin": [ 8.0, -6.5, 8.0 ], "axis": "x", "angle": -45.0 },
            "faces": {
                "north": { "texture": "#1", "uv": [ 4.0, 2.0, 6.0, 4.0 ] },
                "east": { "texture": "#1", "uv": [ 6.0, 2.0, 8.0, 4.0 ] },
                "south": { "texture": "#1", "uv": [ 0.0, 4.0, 2.0, 6.0 ] },
                "west": { "texture": "#1", "uv": [ 2.0, 4.0, 4.0, 6.0 ] },
                "up": { "texture": "#1", "uv": [ 4.0, 4.0, 6.0, 6.0 ] },
                "down": { "texture": "#1", "uv": [ 6.0, 4.0, 8.0, 6.0 ] }
            }
        },
        {
            "name": "Cube",
            "from": [ 7.0, 8.5, 7.5 ], 
            "to": [ 9.0, 9.5, 9.5 ], 
            "rotation": { "origin": [ 8.0, 10.0, 8.0 ], "axis": "x", "angle": 22.5 },
            "faces": {
                "north": { "texture": "#1", "uv": [ 0.0, 0.0, 4.0, 2.0 ] },
                "east": { "texture": "#1", "uv": [ 0.0, 2.0, 4.0, 4.0 ] },
                "south": { "texture": "#1", "uv": [ 4.0, 0.0, 8.0, 2.0 ] },
                "west": { "texture": "#1", "uv": [ 4.0, 2.0, 8.0, 4.0 ] },
                "up": { "texture": "#1", "uv": [ 0.0, 4.0, 4.0, 8.0 ] },
                "down": { "texture": "#1", "uv": [ 4.0, 4.0, 8.0, 8.0 ] }
            }
        },
        {
            "name": "Cube",
            "from": [ 7.0, 9.0, 7.0 ], 
            "to": [ 9.0, 11.0, 10.0 ], 
            "rotation": { "origin": [ 8.0, 9.0, 7.0 ], "axis": "x", "angle": -22.5 },
            "faces": {
                "north": { "texture": "#1", "uv": [ 0.0, 0.0, 4.0, 4.0 ] },
                "east": { "texture": "#1", "uv": [ 0.0, 0.0, 6.0, 4.0 ] },
                "south": { "texture": "#1", "uv": [ 0.0, 4.0, 4.0, 8.0 ] },
                "west": { "texture": "#1", "uv": [ 0.0, 4.0, 6.0, 8.0 ] },
                "up": { "texture": "#1", "uv": [ 0.0, 0.0, 4.0, 6.0 ] },
                "down": { "texture": "#1", "uv": [ 4.0, 0.0, 8.0, 6.0 ] }
            }
        },
        {
            "name": "Cube",
            "from": [ 7.5, 10.0, 9.0 ], 
            "to": [ 8.5, 11.5, 11.0 ], 
            "rotation": { "origin": [ 8.0, 11.0, 9.0 ], "axis": "x", "angle": 22.5 },
            "faces": {
                "north": { "texture": "#1", "uv": [ 12.0, 8.0, 14.0, 10.5 ] },
                "east": { "texture": "#1", "uv": [ 8.0, 8.0, 12.0, 10.5 ] },
                "south": { "texture": "#1", "uv": [ 14.0, 8.0, 16.0, 10.5 ] },
                "west": { "texture": "#1", "uv": [ 8.0, 10.0, 12.0, 12.5 ] },
                "up": { "texture": "#1", "uv": [ 8.0, 12.0, 10.0, 16.0 ] },
                "down": { "texture": "#1", "uv": [ 10.0, 12.0, 12.0, 16.0 ] }
            }
        },
        {
            "name": "Cube",
            "from": [ 6.9, 9.0, 4.0 ], 
            "to": [ 9.100000000000001, 12.0, 8.0 ], 
            "faces": {
                "east": { "texture": "#2", "uv": [ 0.0, 0.0, 12.0, 8.0 ] },
                "west": { "texture": "#2", "uv": [ 4.0, 8.0, 16.0, 16.0 ] }
            }
        },
        {
            "name": "Cube",
            "from": [ 6.5, 9.5, 8.0 ], 
            "to": [ 9.5, 11.0, 9.5 ], 
            "rotation": { "origin": [ 8.0, 7.0, 8.0 ], "axis": "x", "angle": -22.5 },
            "faces": {
                "north": { "texture": "#0", "uv": [ 0.0, 0.0, 3.0, 1.5 ] },
                "east": { "texture": "#0", "uv": [ 0.0, 0.0, 1.5, 1.5 ] },
                "south": { "texture": "#0", "uv": [ 0.0, 0.0, 3.0, 1.5 ] },
                "west": { "texture": "#0", "uv": [ 0.0, 0.0, 1.5, 1.5 ] },
                "up": { "texture": "#0", "uv": [ 0.0, 0.0, 3.0, 1.5 ] },
                "down": { "texture": "#0", "uv": [ 0.0, 0.0, 3.0, 1.5 ] }
            }
        }
    ],
    "display": {
        "thirdperson_righthand": {
            "rotation": [ 25, 180, 0 ],
            "translation": [ 0, 6, 5 ],
            "scale": [ 1.5, 1.5, 1.5 ]
        },
        "firstperson_righthand": {
            "rotation": [ 0, -160, 10 ],
            "translation": [ -2, 8, 1.13 ],
            "scale": [ 1, 1, 1 ]
        },
        "gui": {
            "rotation": [ 40, -100, 40 ],
            "translation": [ 0, 4, 0 ],
            "scale": [ 0.8, 0.8, 0.8 ]
        },
		"ground": {
			"rotation": [ 0, 0, 0 ],
			"translation": [ 0, 8, 0 ],
			"scale": [ 0.8, 0.8, 0.8 ]
		}
    }
}