{
    "__comment": "Model generated using MrCrayfish's Model Creator (http://mrcrayfish.com/modelcreator/)",
    "textures": {
        "particle": "cm:tool/wand/pink",
        "2": "cm:tool/wand/color",
        "3": "cm:tool/wand/pink",
        "4": "cm:tool/wand/wing"
    },
    "elements": [
        {
            "name": "Cube",
            "from": [ 7.5, -6.0, 7.5 ], 
            "to": [ 8.5, 8.0, 8.5 ], 
            "rotation": { "origin": [ 8.0, 8.0, 8.0 ], "axis": "y", "angle": -45.0 },
            "faces": {
                "north": { "texture": "#3", "uv": [ 0.0, 0.0, 1.0, 16.0 ] },
                "east": { "texture": "#3", "uv": [ 1.0, 0.0, 2.0, 16.0 ] },
                "south": { "texture": "#3", "uv": [ 2.0, 0.0, 3.0, 16.0 ] },
                "west": { "texture": "#3", "uv": [ 3.0, 0.0, 4.0, 16.0 ] },
                "up": { "texture": "#3", "uv": [ 15.0, 0.0, 16.0, 1.0 ] },
                "down": { "texture": "#3", "uv": [ 15.0, 15.0, 16.0, 16.0 ] }
            }
        },
        {
            "name": "Cube",
            "from": [ 7.5, -6.5, 7.5 ], 
            "to": [ 8.5, -5.5, 8.5 ], 
            "faces": {
                "north": { "texture": "#2", "uv": [ 0.0, 0.0, 2.0, 2.0 ] },
                "east": { "texture": "#2", "uv": [ 2.0, 0.0, 4.0, 2.0 ] },
                "south": { "texture": "#2", "uv": [ 4.0, 0.0, 6.0, 2.0 ] },
                "west": { "texture": "#2", "uv": [ 6.0, 0.0, 8.0, 2.0 ] },
                "up": { "texture": "#2", "uv": [ 0.0, 2.0, 2.0, 4.0 ] },
                "down": { "texture": "#2", "uv": [ 2.0, 2.0, 4.0, 4.0 ] }
            }
        },
        {
            "name": "Cube",
            "from": [ 7.4, -7.0, 7.5 ], 
            "to": [ 8.6, -6.0, 8.5 ], 
            "rotation": { "origin": [ 8.0, -6.5, 8.0 ], "axis": "x", "angle": -45.0 },
            "faces": {
                "north": { "texture": "#2", "uv": [ 8.0, 8.0, 10.0, 10.0 ] },
                "east": { "texture": "#2", "uv": [ 10.0, 8.0, 12.0, 10.0 ] },
                "south": { "texture": "#2", "uv": [ 12.0, 8.0, 14.0, 10.0 ] },
                "west": { "texture": "#2", "uv": [ 14.0, 8.0, 16.0, 10.0 ] },
                "up": { "texture": "#2", "uv": [ 8.0, 10.0, 10.0, 12.0 ] },
                "down": { "texture": "#2", "uv": [ 10.0, 10.0, 12.0, 12.0 ] }
            }
        },
        {
            "name": "Cube",
            "from": [ 7.0, 8.0, 7.0 ], 
            "to": [ 9.0, 9.0, 9.0 ], 
            "faces": {
                "north": { "texture": "#2", "uv": [ 0.0, 0.0, 4.0, 2.0 ] },
                "east": { "texture": "#2", "uv": [ 0.0, 2.0, 4.0, 4.0 ] },
                "south": { "texture": "#2", "uv": [ 0.0, 4.0, 4.0, 6.0 ] },
                "west": { "texture": "#2", "uv": [ 0.0, 6.0, 4.0, 8.0 ] },
                "up": { "texture": "#2", "uv": [ 4.0, 0.0, 8.0, 4.0 ] },
                "down": { "texture": "#2", "uv": [ 4.0, 4.0, 8.0, 8.0 ] }
            }
        },
        {
            "name": "Cube",
            "from": [ 7.0, 11.0, 7.0 ], 
            "to": [ 9.0, 12.0, 9.0 ], 
            "faces": {
                "north": { "texture": "#2", "uv": [ 0.0, 0.0, 4.0, 2.0 ] },
                "east": { "texture": "#2", "uv": [ 0.0, 2.0, 4.0, 4.0 ] },
                "south": { "texture": "#2", "uv": [ 0.0, 4.0, 4.0, 6.0 ] },
                "west": { "texture": "#2", "uv": [ 0.0, 6.0, 4.0, 8.0 ] },
                "up": { "texture": "#2", "uv": [ 4.0, 0.0, 8.0, 4.0 ] },
                "down": { "texture": "#2", "uv": [ 4.0, 4.0, 8.0, 8.0 ] }
            }
        },
        {
            "name": "Cube",
            "from": [ 7.0, 9.0, 7.5 ], 
            "to": [ 9.0, 11.0, 8.5 ], 
            "rotation": { "origin": [ 8.0, 10.0, 8.0 ], "axis": "z", "angle": -45.0 },
            "faces": {
                "north": { "texture": "#2", "uv": [ 0.0, 0.0, 4.0, 4.0 ] },
                "east": { "texture": "#2", "uv": [ 4.0, 0.0, 6.0, 4.0 ] },
                "south": { "texture": "#2", "uv": [ 4.0, 4.0, 8.0, 8.0 ] },
                "west": { "texture": "#2", "uv": [ 6.0, 0.0, 8.0, 4.0 ] },
                "up": { "texture": "#2", "uv": [ 0.0, 4.0, 4.0, 6.0 ] },
                "down": { "texture": "#2", "uv": [ 0.0, 6.0, 4.0, 8.0 ] }
            }
        },
        {
            "name": "Cube",
            "from": [ 7.3, 9.3, 7.2 ], 
            "to": [ 8.7, 10.7, 8.8 ], 
            "rotation": { "origin": [ 8.0, 10.0, 8.0 ], "axis": "z", "angle": -45.0 },
            "faces": {
                "north": { "texture": "#2", "uv": [ 8.0, 8.0, 12.0, 12.0 ] },
                "east": { "texture": "#2", "uv": [ 12.0, 8.0, 14.0, 12.0 ] },
                "south": { "texture": "#2", "uv": [ 12.0, 12.0, 16.0, 16.0 ] },
                "west": { "texture": "#2", "uv": [ 14.0, 8.0, 16.0, 12.0 ] },
                "up": { "texture": "#2", "uv": [ 8.0, 12.0, 12.0, 14.0 ] },
                "down": { "texture": "#2", "uv": [ 8.0, 14.0, 12.0, 16.0 ] }
            }
        },
        {
            "name": "Cube",
            "from": [ 5.0, 12.0, 7.5 ], 
            "to": [ 8.0, 13.0, 8.5 ], 
            "rotation": { "origin": [ 7.0, 12.0, 8.0 ], "axis": "z", "angle": -22.5 },
            "faces": {
                "north": { "texture": "#3", "uv": [ 0.0, 0.0, 3.0, 1.0 ] },
                "east": { "texture": "#3", "uv": [ 0.0, 0.0, 1.0, 1.0 ] },
                "south": { "texture": "#3", "uv": [ 0.0, 0.0, 3.0, 1.0 ] },
                "west": { "texture": "#3", "uv": [ 0.0, 0.0, 1.0, 1.0 ] },
                "up": { "texture": "#3", "uv": [ 0.0, 0.0, 3.0, 1.0 ] },
                "down": { "texture": "#3", "uv": [ 0.0, 0.0, 3.0, 1.0 ] }
            }
        },
        {
            "name": "Cube",
            "from": [ 8.0, 12.0, 7.5 ], 
            "to": [ 11.0, 13.0, 8.5 ], 
            "rotation": { "origin": [ 9.0, 12.0, 8.0 ], "axis": "z", "angle": 22.5 },
            "faces": {
                "north": { "texture": "#3", "uv": [ 0.0, 0.0, 3.0, 1.0 ] },
                "east": { "texture": "#3", "uv": [ 0.0, 0.0, 1.0, 1.0 ] },
                "south": { "texture": "#3", "uv": [ 0.0, 0.0, 3.0, 1.0 ] },
                "west": { "texture": "#3", "uv": [ 0.0, 0.0, 1.0, 1.0 ] },
                "up": { "texture": "#3", "uv": [ 0.0, 0.0, 3.0, 1.0 ] },
                "down": { "texture": "#3", "uv": [ 0.0, 0.0, 3.0, 1.0 ] }
            }
        },
        {
            "name": "Cube",
            "from": [ 5.2, 12.8, 7.4 ], 
            "to": [ 6.2, 16.8, 8.6 ], 
            "faces": {
                "north": { "texture": "#3", "uv": [ 0.0, 0.0, 1.0, 4.0 ] },
                "east": { "texture": "#3", "uv": [ 0.0, 0.0, 1.0, 4.0 ] },
                "south": { "texture": "#3", "uv": [ 0.0, 0.0, 1.0, 4.0 ] },
                "west": { "texture": "#3", "uv": [ 0.0, 0.0, 1.0, 4.0 ] },
                "up": { "texture": "#3", "uv": [ 0.0, 0.0, 1.0, 1.0 ] },
                "down": { "texture": "#3", "uv": [ 0.0, 0.0, 1.0, 1.0 ] }
            }
        },
        {
            "name": "Cube",
            "from": [ 9.8, 12.8, 7.4 ], 
            "to": [ 10.8, 16.8, 8.6 ], 
            "faces": {
                "north": { "texture": "#3", "uv": [ 0.0, 0.0, 1.0, 4.0 ] },
                "east": { "texture": "#3", "uv": [ 0.0, 0.0, 1.0, 4.0 ] },
                "south": { "texture": "#3", "uv": [ 0.0, 0.0, 1.0, 4.0 ] },
                "west": { "texture": "#3", "uv": [ 0.0, 0.0, 1.0, 4.0 ] },
                "up": { "texture": "#3", "uv": [ 0.0, 0.0, 1.0, 1.0 ] },
                "down": { "texture": "#3", "uv": [ 0.0, 0.0, 1.0, 1.0 ] }
            }
        },
        {
            "name": "Cube",
            "from": [ 8.0, 17.0, 7.5 ], 
            "to": [ 11.0, 18.0, 8.5 ], 
            "rotation": { "origin": [ 8.0, 18.0, 8.0 ], "axis": "z", "angle": -22.5 },
            "faces": {
                "north": { "texture": "#3", "uv": [ 0.0, 0.0, 3.0, 1.0 ] },
                "east": { "texture": "#3", "uv": [ 0.0, 0.0, 1.0, 1.0 ] },
                "south": { "texture": "#3", "uv": [ 0.0, 0.0, 3.0, 1.0 ] },
                "west": { "texture": "#3", "uv": [ 0.0, 0.0, 1.0, 1.0 ] },
                "up": { "texture": "#3", "uv": [ 0.0, 0.0, 3.0, 1.0 ] },
                "down": { "texture": "#3", "uv": [ 0.0, 0.0, 3.0, 1.0 ] }
            }
        },
        {
            "name": "Cube",
            "from": [ 5.0, 17.0, 7.5 ], 
            "to": [ 8.0, 18.0, 8.5 ], 
            "rotation": { "origin": [ 8.0, 18.0, 8.0 ], "axis": "z", "angle": 22.5 },
            "faces": {
                "north": { "texture": "#3", "uv": [ 0.0, 0.0, 3.0, 1.0 ] },
                "east": { "texture": "#3", "uv": [ 0.0, 0.0, 1.0, 1.0 ] },
                "south": { "texture": "#3", "uv": [ 0.0, 0.0, 3.0, 1.0 ] },
                "west": { "texture": "#3", "uv": [ 0.0, 0.0, 1.0, 1.0 ] },
                "up": { "texture": "#3", "uv": [ 0.0, 0.0, 3.0, 1.0 ] },
                "down": { "texture": "#3", "uv": [ 0.0, 0.0, 3.0, 1.0 ] }
            }
        },
        {
            "name": "Cube",
            "from": [ 8.0, 12.0, 7.6 ], 
            "to": [ 9.0, 14.0, 8.4 ], 
            "rotation": { "origin": [ 8.0, 15.0, 8.0 ], "axis": "z", "angle": -45.0 },
            "faces": {
                "north": { "texture": "#2", "uv": [ 0.0, 0.0, 2.0, 4.0 ] },
                "east": { "texture": "#2", "uv": [ 2.0, 0.0, 3.8, 4.0 ] },
                "south": { "texture": "#2", "uv": [ 4.0, 0.0, 6.0, 4.0 ] },
                "west": { "texture": "#2", "uv": [ 6.0, 0.0, 7.8, 4.0 ] },
                "up": { "texture": "#2", "uv": [ 0.0, 6.0, 2.0, 7.8 ] },
                "down": { "texture": "#2", "uv": [ 2.0, 6.0, 4.0, 7.8 ] }
            }
        },
        {
            "name": "Cube",
            "from": [ 7.0, 12.0, 7.6 ], 
            "to": [ 8.0, 15.0, 8.4 ], 
            "rotation": { "origin": [ 8.0, 15.0, 8.0 ], "axis": "z", "angle": 45.0 },
            "faces": {
                "north": { "texture": "#2", "uv": [ 0.0, 0.0, 2.0, 6.0 ] },
                "east": { "texture": "#2", "uv": [ 2.0, 0.0, 3.8, 6.0 ] },
                "south": { "texture": "#2", "uv": [ 4.0, 0.0, 6.0, 6.0 ] },
                "west": { "texture": "#2", "uv": [ 6.0, 0.0, 7.8, 6.0 ] },
                "up": { "texture": "#2", "uv": [ 0.0, 6.0, 2.0, 7.8 ] },
                "down": { "texture": "#2", "uv": [ 2.0, 6.0, 4.0, 7.8 ] }
            }
        },
        {
            "name": "Cube",
            "from": [ 6.0, 14.5, 7.5 ], 
            "to": [ 10.0, 15.5, 8.5 ], 
            "faces": {
                "north": { "texture": "#2", "uv": [ 0.0, 0.0, 8.0, 2.0 ] },
                "east": { "texture": "#2", "uv": [ 0.0, 0.0, 1.8, 2.0 ] },
                "south": { "texture": "#2", "uv": [ 0.0, 2.0, 8.0, 4.0 ] },
                "west": { "texture": "#2", "uv": [ 2.0, 0.0, 3.8, 2.0 ] },
                "up": { "texture": "#2", "uv": [ 0.0, 4.0, 8.0, 5.8 ] },
                "down": { "texture": "#2", "uv": [ 0.0, 6.0, 8.0, 7.8 ] }
            }
        },
        {
            "name": "Cube",
            "from": [ 7.5, 15.0, 7.6 ], 
            "to": [ 8.5, 17.0, 8.4 ], 
            "faces": {
                "north": { "texture": "#2", "uv": [ 0.0, 0.0, 2.0, 4.0 ] },
                "east": { "texture": "#2", "uv": [ 0.0, 4.0, 1.8, 8.0 ] },
                "south": { "texture": "#2", "uv": [ 2.0, 0.0, 4.0, 4.0 ] },
                "west": { "texture": "#2", "uv": [ 2.0, 4.0, 3.8, 8.0 ] },
                "up": { "texture": "#2", "uv": [ 4.0, 0.0, 6.0, 1.8 ] },
                "down": { "texture": "#2", "uv": [ 6.0, 0.0, 8.0, 1.8 ] }
            }
        },
        {
            "name": "Cube",
            "from": [ 3.5, 14.0, 8.0 ], 
            "to": [ 5.5, 16.0, 8.01 ], 
            "faces": {
                "north": { "texture": "#4", "uv": [ 0.0, 0.0, 12.0, 8.0 ] },
                "south": { "texture": "#4", "uv": [ 4.0, 8.0, 16.0, 16.0 ] }
            }
        },
        {
            "name": "Cube",
            "from": [ 10.5, 14.0, 8.0 ], 
            "to": [ 12.5, 16.0, 8.01 ], 
            "faces": {
                "north": { "texture": "#4", "uv": [ 4.0, 8.0, 16.0, 16.0 ] },
                "south": { "texture": "#4", "uv": [ 0.0, 0.0, 12.0, 8.0 ] }
            }
        }
    ],
    "display": {
        "thirdperson_righthand": {
            "rotation": [ 25, 0, 0 ],
            "translation": [ 0, 6, 5 ],
            "scale": [ 1.5, 1.5, 1.5 ]
        },
        "firstperson_righthand": {
            "rotation": [ -13, -13, -13 ],
            "translation": [ -2, 4, 1.13 ],
            "scale": [ 0.8, 0.8, 0.8 ]
        },
        "gui": {
            "rotation": [ 0, 0, -5 ],
            "translation": [ 0, 2, 0 ],
            "scale": [ 0.6, 0.6, 0.6 ]
        },
		"ground": {
			"rotation": [ 0, 0, 0 ],
			"translation": [ 0, 8, 0 ],
			"scale": [ 0.8, 0.8, 0.8 ]
		}
    }
}