{
    "Adam Smits - Galaxy": {
        "replace": false,
        "sounds": [
            "Adam Smits - Galaxy"
        ]
    },
    "BlackGun": {
        "replace": false,
        "sounds": [
            "BlackGun"
        ]
    },
    "BurnKaluli": {
        "replace": false,
        "sounds": [
            "BurnKaluli"
        ]
    },
    "cele": {
        "replace": false,
        "sounds": [
            "cele"
        ]
    },
    "erzi": {
        "replace": false,
        "sounds": [
            "erzi"
        ]
    },
    "MCshitou": {
        "replace": false,
        "sounds": [
            "MCshitou"
        ]
    },
    "Vicetone": {
        "replace": false,
        "sounds": [
            "Vicetone"
        ]
    }
}