{
    "__comment": "Model generated using MrCrayfish's Model Creator (http://mrcrayfish.com/modelcreator/)",
    "textures": {
        "0": "cm:decor/shooting_star"
    },
    "elements": [
        {
            "name": "Cube",
            "from": [ 7.5, -4.0, 7.5 ], 
            "to": [ 8.5, 26.0, 8.5 ], 
            "rotation": { "origin": [ 8.0, 8.0, 8.0 ], "axis": "y", "angle": -45.0 },
            "faces": {
                "north": { "texture": "#0", "uv": [ 0.0, 0.0, 1.0, 16.0 ] },
                "east": { "texture": "#0", "uv": [ 1.0, 0.0, 2.0, 16.0 ] },
                "south": { "texture": "#0", "uv": [ 2.0, 0.0, 3.0, 16.0 ] },
                "west": { "texture": "#0", "uv": [ 3.0, 0.0, 4.0, 16.0 ] },
                "up": { "texture": "#0", "uv": [ 0.0, 0.0, 1.0, 1.0 ] },
                "down": { "texture": "#0", "uv": [ 0.0, 0.0, 1.0, 1.0 ] }
            }
        },
        {
            "name": "Cube",
            "from": [ 8.0, 17.0, 7.5 ], 
            "to": [ 9.0, 25.0, 8.5 ], 
            "rotation": { "origin": [ 8.0, 26.0, 8.0 ], "axis": "z", "angle": -22.5 },
            "faces": {
                "north": { "texture": "#0", "uv": [ 0.0, 0.0, 1.0, 8.0 ] },
                "east": { "texture": "#0", "uv": [ 1.0, 0.0, 2.0, 8.0 ] },
                "south": { "texture": "#0", "uv": [ 2.0, 0.0, 3.0, 8.0 ] },
                "west": { "texture": "#0", "uv": [ 3.0, 0.0, 4.0, 8.0 ] },
                "up": { "texture": "#0", "uv": [ 0.0, 0.0, 1.0, 1.0 ] },
                "down": { "texture": "#0", "uv": [ 0.0, 0.0, 1.0, 1.0 ] }
            }
        },
        {
            "name": "Cube",
            "from": [ 7.0, 17.0, 7.5 ], 
            "to": [ 8.0, 25.0, 8.5 ], 
            "rotation": { "origin": [ 8.0, 26.0, 8.0 ], "axis": "z", "angle": 22.5 },
            "faces": {
                "north": { "texture": "#0", "uv": [ 3.0, 0.0, 4.0, 8.0 ] },
                "east": { "texture": "#0", "uv": [ 2.0, 0.0, 3.0, 8.0 ] },
                "south": { "texture": "#0", "uv": [ 1.0, 0.0, 2.0, 8.0 ] },
                "west": { "texture": "#0", "uv": [ 0.0, 0.0, 1.0, 8.0 ] },
                "up": { "texture": "#0", "uv": [ 0.0, 0.0, 1.0, 1.0 ] },
                "down": { "texture": "#0", "uv": [ 0.0, 0.0, 1.0, 1.0 ] }
            }
        },
        {
            "name": "Cube",
            "from": [ 6.0, 19.0, 7.5 ], 
            "to": [ 10.0, 20.0, 8.5 ], 
            "rotation": { "origin": [ 8.0, 19.5, 8.0 ], "axis": "x", "angle": -45.0 },
            "faces": {
                "north": { "texture": "#0", "uv": [ 0.0, 0.0, 4.0, 1.0 ] },
                "east": { "texture": "#0", "uv": [ 0.0, 0.0, 1.0, 1.0 ] },
                "south": { "texture": "#0", "uv": [ 0.0, 1.0, 4.0, 2.0 ] },
                "west": { "texture": "#0", "uv": [ 0.0, 0.0, 1.0, 1.0 ] },
                "up": { "texture": "#0", "uv": [ 0.0, 2.0, 4.0, 3.0 ] },
                "down": { "texture": "#0", "uv": [ 0.0, 3.0, 4.0, 4.0 ] }
            }
        },
        {
            "name": "Cube",
            "from": [ 7.0, 14.0, 7.0 ], 
            "to": [ 9.0, 15.0, 9.0 ], 
            "faces": {
                "north": { "texture": "#0", "uv": [ 0.0, 0.0, 2.0, 1.0 ] },
                "east": { "texture": "#0", "uv": [ 0.0, 1.0, 2.0, 2.0 ] },
                "south": { "texture": "#0", "uv": [ 2.0, 1.0, 4.0, 2.0 ] },
                "west": { "texture": "#0", "uv": [ 2.0, 0.0, 4.0, 1.0 ] },
                "up": { "texture": "#0", "uv": [ 0.0, 0.0, 2.0, 2.0 ] },
                "down": { "texture": "#0", "uv": [ 2.0, 2.0, 4.0, 4.0 ] }
            }
        },
        {
            "name": "Cube",
            "from": [ 4.0, -14.0, 8.0 ], 
            "to": [ 12.0, 2.0, 8.01 ], 
            "rotation": { "origin": [ 8.0, -6.0, 8.0 ], "axis": "x", "angle": 22.5 },
            "faces": {
                "north": { "texture": "#0", "uv": [ 8.0, 0.0, 16.0, 16.0 ] },
                "south": { "texture": "#0", "uv": [ 8.0, 0.0, 16.0, 16.0 ] }
            }
        },
        {
            "name": "Cube",
            "from": [ 4.0, -14.0, 8.0 ], 
            "to": [ 12.0, 2.0, 8.01 ], 
            "rotation": { "origin": [ 8.0, -6.0, 8.0 ], "axis": "x", "angle": -22.5 },
            "faces": {
                "north": { "texture": "#0", "uv": [ 8.0, 0.0, 16.0, 16.0 ] },
                "south": { "texture": "#0", "uv": [ 8.0, 0.0, 16.0, 16.0 ] }
            }
        },
        {
            "name": "Cube",
            "from": [ 8.0, -14.0, 4.0 ], 
            "to": [ 8.01, 2.0, 12.0 ], 
            "rotation": { "origin": [ 8.0, -6.0, 8.0 ], "axis": "z", "angle": -22.5 },
            "faces": {
                "east": { "texture": "#0", "uv": [ 8.0, 0.0, 16.0, 16.0 ] },
                "west": { "texture": "#0", "uv": [ 8.0, 0.0, 16.0, 16.0 ] }
            }
        },
        {
            "name": "Cube",
            "from": [ 8.0, -14.0, 4.0 ], 
            "to": [ 8.01, 2.0, 12.0 ], 
            "rotation": { "origin": [ 8.0, -6.0, 8.0 ], "axis": "z", "angle": 22.5 },
            "faces": {
                "east": { "texture": "#0", "uv": [ 8.0, 0.0, 16.0, 16.0 ] },
                "west": { "texture": "#0", "uv": [ 8.0, 0.0, 16.0, 16.0 ] }
            }
        }
    ],
    "display": {
        "thirdperson_righthand": {
            "rotation": [ 10, 0, 0 ],
            "translation": [ 0, -2, 2 ],
            "scale": [ 1, 1, 1 ]
        },
        "thirdperson_lefthand": {
            "rotation": [ 0, 0, 0 ],
            "translation": [ -6.5, -2.5, -0.5 ],
            "scale": [ 1.3, 1.3, 1.3 ]
        },
        "firstperson_righthand": {
            "rotation": [ -26, -13, 0 ],
            "translation": [ 1.13, 0, 1.13 ],
            "scale": [ 0.8, 0.8, 0.8 ]
        },
        "gui": {
            "rotation": [ 0, -30, 40 ],
            "translation": [ -2, 2, -2 ],
            "scale": [ 0.7, 0.7, 0.7 ]
        },
        "firstperson_lefthand": {
            "rotation": [ -45, 0, 0 ],
            "translation": [ -9, -1, 3 ],
            "scale": [ 1, 1, 1 ]
        },
		"ground": {
			"rotation": [ 0, 0, 0 ],
			"translation": [ 0, 10, 0 ],
			"scale": [ 0.5, 0.5, 0.5 ]
		}
    }
}