{
  "parent": "item/handheld",
  "textures": {
    "layer0": "item/carrot_on_a_stick"
  },
  "overrides": [
    { "predicate": { "damaged": 0,"damage": 0.000000000 }, "model": "cm:machine/crafting_machine"},
	
    { "predicate": { "damaged": 0,"damage": 0.038461538 }, "model": "cm:element/blue_force_of_sky"},
    { "predicate": { "damaged": 0,"damage": 0.076923077 }, "model": "cm:element/green_force_of_water"},
    { "predicate": { "damaged": 0,"damage": 0.115384615 }, "model": "cm:element/cyan_force_of_mountain"},
    { "predicate": { "damaged": 0,"damage": 0.153846154 }, "model": "cm:element/orange_force_of_dirt"},
    { "predicate": { "damaged": 0,"damage": 0.192307692 }, "model": "cm:element/yellow_force_of_earth"},
    { "predicate": { "damaged": 0,"damage": 0.230769231 }, "model": "cm:element/red_force_of_fire"},
    { "predicate": { "damaged": 0,"damage": 0.269230769 }, "model": "cm:element/purple_force_of_life"},
    { "predicate": { "damaged": 0,"damage": 0.307692308 }, "model": "cm:element/white_force_of_lightning"},
    { "predicate": { "damaged": 0,"damage": 0.346153846 }, "model": "cm:element/black_force_of_moon"},
    { "predicate": { "damaged": 0,"damage": 0.384615385 }, "model": "cm:tool/magnet"},
	
    { "predicate": { "damaged": 0,"damage": 0.423076923 }, "model": "cm:tool/time_conditioner"},
    { "predicate": { "damaged": 0,"damage": 0.461538462 }, "model": "cm:tool/time_checker"},
    { "predicate": { "damaged": 0,"damage": 0.500000000 }, "model": "cm:tool/compressor"},
    { "predicate": { "damaged": 0,"damage": 0.538461538 }, "model": "cm:tool/origin_of_the_world"},
    { "predicate": { "damaged": 0,"damage": 0.576923077 }, "model": "cm:tool/temperancer"},
    { "predicate": { "damaged": 0,"damage": 0.615384615 }, "model": "cm:tool/temperancer_closed"},
    { "predicate": { "damaged": 0,"damage": 0.653846154 }, "model": "cm:tool/coordinate_recorder"},
    { "predicate": { "damaged": 0,"damage": 0.692307692 }, "model": "cm:golem/golem"},
    { "predicate": { "damaged": 0,"damage": 0.730769231 }, "model": "cm:bookshelf/bookshelf0"},    
    { "predicate": { "damaged": 0,"damage": 0.769230769 }, "model": "cm:machine/all_in_one_machine"}, 
	
    { "predicate": { "damaged": 0,"damage": 0.807692308 }, "model": "cm:machine/trade_machine"},
    { "predicate": { "damaged": 0,"damage": 0.846153846 }, "model": "cm:machine/crafting_machine"},    
    { "predicate": { "damaged": 0,"damage": 0.884615385 }, "model": "cm:machine/mob_projector"},
    { "predicate": { "damaged": 0,"damage": 0.923076923 }, "model": "cm:machine/golden_anvil"},
    { "predicate": { "damaged": 0,"damage": 0.961538462 }, "model": "cm:machine/crafting_machine"},
    { "predicate": { "damaged": 0,"damage": 1.000000000 }, "model": "cm:machine/crafting_machine"},
    { "predicate": { "damaged": 1,"damage": 0 }, "model": "item/carrot_on_a_stick"}
  ]
}
