{
  "parent": "item/handheld",
  "textures": {
    "layer0": "item/stone_hoe"
  },
  "overrides": [
    { "predicate": { "damaged": 0,"damage": 0.000000000 }, "model": "item/stone_hoe"},
    { "predicate": { "damaged": 0,"damage": 0.007633588 }, "model": "cm:machine/xp_shower/xp_shower0"},
    { "predicate": { "damaged": 0,"damage": 0.015267176 }, "model": "cm:machine/xp_shower/xp_shower1"},
    { "predicate": { "damaged": 0,"damage": 0.022900763 }, "model": "cm:machine/xp_shower/xp_shower2"},
    { "predicate": { "damaged": 0,"damage": 0.030534351 }, "model": "cm:machine/xp_shower/xp_shower3"},
    { "predicate": { "damaged": 0,"damage": 0.038167939 }, "model": "cm:machine/xp_shower/xp_shower4"},
    { "predicate": { "damaged": 0,"damage": 0.045801527 }, "model": "cm:machine/xp_shower/xp_shower5"},
    { "predicate": { "damaged": 0,"damage": 0.053435115 }, "model": "cm:machine/xp_shower/xp_shower6"},
    { "predicate": { "damaged": 0,"damage": 0.061068702 }, "model": "cm:machine/xp_shower/xp_shower7"},
    { "predicate": { "damaged": 0,"damage": 0.06870229  }, "model": "cm:machine/xp_shower/xp_shower8"},
    { "predicate": { "damaged": 0,"damage": 0.076335878 }, "model": "cm:machine/xp_shower/xp_shower9"},
    { "predicate": { "damaged": 0,"damage": 0.083969466 }, "model": "cm:machine/xp_shower/xp_shower10"},
    { "predicate": { "damaged": 0,"damage": 0.091603053 }, "model": "cm:machine/xp_shower/xp_shower11"},
    { "predicate": { "damaged": 0,"damage": 0.099236641 }, "model": "cm:machine/xp_shower/xp_shower12"},
    { "predicate": { "damaged": 0,"damage": 0.106870229 }, "model": "cm:machine/xp_shower/xp_shower13"},
    { "predicate": { "damaged": 0,"damage": 0.114503817 }, "model": "cm:machine/xp_shower/xp_shower14"},
    { "predicate": { "damaged": 0,"damage": 0.122137405 }, "model": "cm:machine/xp_shower/xp_shower15"},
    { "predicate": { "damaged": 0,"damage": 0.129770992 }, "model": "cm:machine/xp_shower/xp_shower16"},
    { "predicate": { "damaged": 0,"damage": 0.13740458  }, "model": "cm:machine/xp_shower/xp_shower17"},
    { "predicate": { "damaged": 0,"damage": 0.145038168 }, "model": "cm:machine/xp_shower/xp_shower18"},
    { "predicate": { "damaged": 0,"damage": 0.152671756 }, "model": "cm:machine/xp_shower/xp_shower19"},
    { "predicate": { "damaged": 0,"damage": 0.160305344 }, "model": "cm:machine/xp_shower/xp_shower20"},
    { "predicate": { "damaged": 0,"damage": 0.167938931 }, "model": "cm:machine/xp_shower/xp_shower21"},
    { "predicate": { "damaged": 0,"damage": 0.175572519 }, "model": "cm:machine/xp_shower/xp_shower22"},
    { "predicate": { "damaged": 0,"damage": 0.183206107 }, "model": "cm:machine/xp_shower/xp_shower23"},
    { "predicate": { "damaged": 0,"damage": 0.190839695 }, "model": "cm:machine/xp_shower/xp_shower24"},
    { "predicate": { "damaged": 0,"damage": 0.198473282 }, "model": "cm:machine/xp_shower/xp_shower25"},
    { "predicate": { "damaged": 0,"damage": 0.20610687  }, "model": "cm:machine/xp_shower/xp_shower26"},
    { "predicate": { "damaged": 0,"damage": 0.213740458 }, "model": "cm:machine/xp_shower/xp_shower27"},
    { "predicate": { "damaged": 0,"damage": 0.221374046 }, "model": "cm:machine/xp_shower/xp_shower28"},
    { "predicate": { "damaged": 0,"damage": 0.229007634 }, "model": "cm:machine/xp_shower/xp_shower29"},
    { "predicate": { "damaged": 0,"damage": 0.236641221 }, "model": "cm:machine/xp_shower/xp_shower30"},
    { "predicate": { "damaged": 0,"damage": 0.244274809 }, "model": "cm:machine/xp_shower/xp_shower31"},
    { "predicate": { "damaged": 0,"damage": 0.251908397 }, "model": "cm:machine/xp_shower/xp_shower32"},
    { "predicate": { "damaged": 0,"damage": 0.259541985 }, "model": "cm:machine/xp_shower/xp_shower33"},
    { "predicate": { "damaged": 0,"damage": 0.267175573 }, "model": "cm:machine/xp_shower/xp_shower34"},
    { "predicate": { "damaged": 0,"damage": 0.27480916  }, "model": "cm:machine/xp_shower/xp_shower35"},
    { "predicate": { "damaged": 0,"damage": 0.282442748 }, "model": "cm:machine/xp_shower/xp_shower36"},
    { "predicate": { "damaged": 0,"damage": 0.290076336 }, "model": "cm:machine/xp_shower/xp_shower37"},
    { "predicate": { "damaged": 0,"damage": 0.297709924 }, "model": "cm:machine/xp_shower/xp_shower38"},
    { "predicate": { "damaged": 0,"damage": 0.305343511 }, "model": "cm:machine/xp_shower/xp_shower39"},
    { "predicate": { "damaged": 0,"damage": 0.312977099 }, "model": "cm:machine/xp_shower/xp_shower40"},
    { "predicate": { "damaged": 0,"damage": 0.320610687 }, "model": "cm:machine/xp_shower/xp_shower41"},
    { "predicate": { "damaged": 0,"damage": 0.328244275 }, "model": "cm:machine/xp_shower/xp_shower42"},
    { "predicate": { "damaged": 0,"damage": 0.335877863 }, "model": "cm:machine/xp_shower/xp_shower43"},
    { "predicate": { "damaged": 0,"damage": 0.34351145  }, "model": "cm:machine/xp_shower/xp_shower44"},
    { "predicate": { "damaged": 0,"damage": 0.351145038 }, "model": "cm:machine/xp_shower/xp_shower45"},
    { "predicate": { "damaged": 0,"damage": 0.35877863  }, "model": "cm:machine/xp_shower/xp_shower46"},
    { "predicate": { "damaged": 0,"damage": 0.36641221  }, "model": "cm:machine/xp_shower/xp_shower47"},
    { "predicate": { "damaged": 0,"damage": 0.3740458   }, "model": "cm:machine/xp_shower/xp_shower48"},
    { "predicate": { "damaged": 1,"damage": 0 },           "model": "item/stone_hoe"}
    ]
}