{
    "parent": "item/handheld",
    "textures": {
        "layer0": "item/wooden_sword"
    },
	"overrides": [
		{ "predicate": { "damaged": 0,"damage": 0.00 }, "model": "item/wooden_sword"},
		
		{ "predicate": { "damaged": 0,"damage": 0.01 }, "model": "cm:material/wing_of_sky"},
		{ "predicate": { "damaged": 0,"damage": 0.03 }, "model": "cm:material/heart_of_ocean"},
		{ "predicate": { "damaged": 0,"damage": 0.05 }, "model": "cm:material/limb_of_ridge"},
		{ "predicate": { "damaged": 0,"damage": 0.06 }, "model": "cm:material/soul_of_dirt"},
		{ "predicate": { "damaged": 0,"damage": 0.08 }, "model": "cm:material/certification_of_earth"},
		{ "predicate": { "damaged": 0,"damage": 0.10 }, "model": "cm:material/nova_of_fire"},
		{ "predicate": { "damaged": 0,"damage": 0.11 }, "model": "cm:material/spirit_of_life"},
		{ "predicate": { "damaged": 0,"damage": 0.13 }, "model": "cm:material/shard_of_the_darkness"},
		{ "predicate": { "damaged": 0,"damage": 0.15 }, "model": "cm:material/broken_spawner"},
		{ "predicate": { "damaged": 0,"damage": 0.16 }, "model": "cm:material/clay_bucket"},
		
		{ "predicate": { "damaged": 0,"damage": 0.18 }, "model": "cm:material/silicon_plate"},
		{ "predicate": { "damaged": 0,"damage": 0.20 }, "model": "cm:plugin/empty_plugin"},
		{ "predicate": { "damaged": 0,"damage": 0.21 }, "model": "cm:plugin/low_pressure_plugin"},
		{ "predicate": { "damaged": 0,"damage": 0.23 }, "model": "cm:plugin/high_pressure_plugin"},
		{ "predicate": { "damaged": 0,"damage": 0.25 }, "model": "cm:plugin/low_temperature_plugin"},
		{ "predicate": { "damaged": 0,"damage": 0.26 }, "model": "cm:plugin/high_temperature_plugin"},
		{ "predicate": { "damaged": 0,"damage": 0.28 }, "model": "cm:plugin/cobblestone_plugin"},
		{ "predicate": { "damaged": 0,"damage": 0.30 }, "model": "cm:plugin/stone_plugin"},
		{ "predicate": { "damaged": 0,"damage": 0.31 }, "model": "cm:plugin/obsidian_plugin"},
		{ "predicate": { "damaged": 0,"damage": 0.33 }, "model": "cm:tool/elder_s_words"},
		
		{ "predicate": { "damaged": 0,"damage": 0.35 }, "model": "cm:tool/sealing_wand"},
		{ "predicate": { "damaged": 0,"damage": 0.36 }, "model": "cm:tool/star_wand"},
		{ "predicate": { "damaged": 0,"damage": 0.38 }, "model": "cm:tool/dream_wand"},
		{ "predicate": { "damaged": 0,"damage": 0.40 }, "model": "cm:tool/wand_of_the_darkness"},
		{ "predicate": { "damaged": 0,"damage": 0.41 }, "model": "cm:tool/broom"},
		{ "predicate": { "damaged": 0,"damage": 0.43 }, "model": "cm:golem/industrious_hand"},
		{ "predicate": { "damaged": 0,"damage": 0.45 }, "model": "cm:golem/break_hand"},
		{ "predicate": { "damaged": 0,"damage": 0.46 }, "model": "cm:golem/smart_hand"},
		{ "predicate": { "damaged": 0,"damage": 0.48 }, "model": "cm:golem/angry_hand"},
		{ "predicate": { "damaged": 0,"damage": 0.50 }, "model": "cm:golem/toughen_hand"},
		
		{ "predicate": { "damaged": 0,"damage": 0.51 }, "model": "item/wooden_sword"},
		{ "predicate": { "damaged": 0,"damage": 0.53 }, "model": "item/wooden_sword"},		
		{ "predicate": { "damaged": 0,"damage": 0.55 }, "model": "item/wooden_sword"},
		{ "predicate": { "damaged": 0,"damage": 0.56 }, "model": "item/wooden_sword"},
		{ "predicate": { "damaged": 0,"damage": 0.58 }, "model": "item/wooden_sword"},
		{ "predicate": { "damaged": 0,"damage": 0.60 }, "model": "item/wooden_sword"},
		{ "predicate": { "damaged": 0,"damage": 0.61 }, "model": "item/wooden_sword"},
		{ "predicate": { "damaged": 0,"damage": 0.63 }, "model": "item/wooden_sword"},
		{ "predicate": { "damaged": 0,"damage": 0.65 }, "model": "item/wooden_sword"},
		{ "predicate": { "damaged": 0,"damage": 0.66 }, "model": "item/wooden_sword"},
		{ "predicate": { "damaged": 0,"damage": 0.68 }, "model": "item/wooden_sword"},
		{ "predicate": { "damaged": 0,"damage": 0.70 }, "model": "item/wooden_sword"},
		{ "predicate": { "damaged": 0,"damage": 0.71 }, "model": "item/wooden_sword"},
		{ "predicate": { "damaged": 0,"damage": 0.73 }, "model": "item/wooden_sword"},
		{ "predicate": { "damaged": 0,"damage": 0.75 }, "model": "item/wooden_sword"},
		{ "predicate": { "damaged": 0,"damage": 0.76 }, "model": "item/wooden_sword"},
		{ "predicate": { "damaged": 0,"damage": 0.78 }, "model": "item/wooden_sword"},
		{ "predicate": { "damaged": 1,"damage": 0 }, "model": "item/wooden_sword"}
	]
}